{
  "$schema": "https://schema.management.azure.com/schemas/2019-04-01/deploymentParameters.json#",
  "contentVersion": "1.0.0.0",
  "parameters": {
    "azureBotId": {
      "value": "ContsoCustomerService"
    },
    "azureBotSku": {
      "value": "S1"
    },
    "azureBotRegion": {
      "value": "global"
    },
    "botEndpoint": {
      "value": "https://5bc3-2a01-cb1d-1ce-c00-809b-1c0-6433-2e53.eu.ngrok.io/api/messages"
    },
    "appType": {
      "value": "MultiTenant"
    },
    "appId": {
      "value": "6213fd5a-a2c5-4b3b-b672-1ddcf1ec7520"
    },
    "UMSIName": {
      "value": ""
    },
    "UMSIResourceGroupName": {
      "value": ""
    },
    "tenantId": {
      "value": ""
    }
  }
}